rmse,nasa,ece,Experiment
213.72275871038437,3.225752296547095,0.06,A_Baseline
213.72275871038437,3.225752296547095,0.06,B_Physics_Only
177.36497443914413,2.5589664156238237,0.05717,C_Meta_Only
177.28784755865732,2.5433906440933547,0.05717,D_Full_System
