{
  "experiment_K": {
    "results": {
      "0": {
        "rmse": 127.68693542480469,
        "nasa": 32.59831619262695,
        "log_nasa": 3.5144759523987705,
        "ece": 0.18416667431592945
      },
      "1": {
        "rmse": 120.56848907470703,
        "nasa": 29.883007049560547,
        "log_nasa": 3.4302060989635375,
        "ece": 0.20233333557844163
      },
      "2": {
        "rmse": 111.31573486328125,
        "nasa": 24.079116821289062,
        "log_nasa": 3.2220355006825177,
        "ece": 0.23066666312515732
      },
      "3": {
        "rmse": 96.49653625488281,
        "nasa": 36.62165069580078,
        "log_nasa": 3.6275797010548914,
        "ece": 0.18616666577756408
      },
      "5": {
        "rmse": 149.12367248535156,
        "nasa": 46.18808364868164,
        "log_nasa": 3.8541413956465345,
        "ece": 0.21200000233948227
      },
      "7": {
        "rmse": 287.0950927734375,
        "nasa": 48.81270217895508,
        "log_nasa": 3.908270015341797,
        "ece": 0.1733333338052035
      },
      "10": {
        "rmse": 252.01638793945312,
        "nasa": 42.86973190307617,
        "log_nasa": 3.781224603991822,
        "ece": 0.21766666471958157
      },
      "15": {
        "rmse": 247.79061889648438,
        "nasa": 29.042245864868164,
        "log_nasa": 3.402604586580326,
        "ece": 0.23100000172853474
      },
      "20": {
        "rmse": 244.76182556152344,
        "nasa": 33.30283737182617,
        "log_nasa": 3.5352280729612766,
        "ece": 0.2519999943673611
      }
    },
    "pareto_k": 2
  },
  "experiment_D": {
    "D1_sensors_only": {
      "rmse": 124.5495834350586,
      "nasa": 33.23734664916992
    },
    "D2_sensors_env": {
      "rmse": 124.55106353759766,
      "nasa": 33.23031234741211
    },
    "D3_sensors_physics": {
      "rmse": 124.64258575439453,
      "nasa": 33.245262145996094
    },
    "D4_sensors_cross_engine": {
      "rmse": 124.5495834350586,
      "nasa": 33.23734664916992
    },
    "D5_full_55D": {
      "rmse": 124.66325378417969,
      "nasa": 33.22069549560547
    }
  },
  "experiment_S": {
    "55D": {
      "rmse": 124.66325378417969,
      "nasa": 33.22069549560547
    },
    "45D": {
      "rmse": 124.70570373535156,
      "nasa": 33.27173614501953
    },
    "35D": {
      "rmse": 124.72239685058594,
      "nasa": 33.33993911743164
    },
    "25D": {
      "rmse": 124.68126678466797,
      "nasa": 33.2188606262207
    },
    "22D_NCMAPSS_equiv": {
      "rmse": 124.7181167602539,
      "nasa": 33.24930191040039
    },
    "18D": {
      "rmse": 124.64476776123047,
      "nasa": 33.251590728759766
    }
  },
  "experiment_G": {
    "G1_UTDTB_synthetic": {
      "0": {
        "rmse": 127.68630981445312,
        "nasa": 32.59695816040039,
        "log_nasa": 3.514435531930521,
        "ece": 0.18416667431592945
      },
      "5": {
        "rmse": 159.17327880859375,
        "nasa": 45.87211990356445,
        "log_nasa": 3.847423040345643,
        "ece": 0.20566666796803473
      },
      "10": {
        "rmse": 306.0433654785156,
        "nasa": 45.049156188964844,
        "log_nasa": 3.8297094387324524,
        "ece": 0.1930000010877848
      }
    },
    "G2_NCMAPSS_zeroshot": {
      "rmse": 999.0,
      "coverage": 0.0,
      "nasa": 999.0
    },
    "G3_NCMAPSS_5shot": {
      "rmse": 999.0,
      "coverage": 0.0,
      "nasa": 999.0
    }
  },
  "experiment_U": {
    "none": {
      "rmse": 127.68630981445312,
      "ece": 0.4223333332221954,
      "coverage": 23.333333432674408
    },
    "model_variance": {
      "rmse": 127.68630981445312,
      "ece": 0.18416667431592945,
      "coverage": 98.66666793823242
    },
    "mc_dropout": {
      "rmse": 128.15765380859375,
      "ece": 0.18266667276620868,
      "coverage": 99.00000095367432
    },
    "temperature": {
      "rmse": 127.68630981445312,
      "ece": 0.37083333432674415,
      "coverage": 100.0
    },
    "conformal": {
      "rmse": 127.68630981445312,
      "ece": 0.18416667431592945,
      "coverage": 98.66666793823242,
      "note": "ECE after conformal q_hat recalibration (see cert_conformal.py)"
    }
  },
  "experiment_C": {
    "Transformer": {
      "params_M": 2.19,
      "latency_ms": 8.18,
      "vram_MB": 77.8
    },
    "LSTM": {
      "params_M": 3.93,
      "latency_ms": 5.88,
      "vram_MB": 160.4
    },
    "ThermoPINN": {
      "params_M": 2.98,
      "latency_ms": 8.58,
      "vram_MB": 82.7
    }
  },
  "experiment_A": {
    "A1_Transformer": {
      "0": {
        "rmse": 60.58102035522461,
        "nasa": 18.961904525756836,
        "log_nasa": 2.9938256834534798,
        "ece": 0.11566666483879091
      },
      "5": {
        "rmse": 28.48708724975586,
        "nasa": 8.744616508483887,
        "log_nasa": 2.276714979541154,
        "ece": 0.28133332729339605
      },
      "10": {
        "rmse": 13.602655410766602,
        "nasa": 2.4265494346618652,
        "log_nasa": 1.2315537590991237,
        "ece": 0.30400000363588336
      }
    },
    "A2_LSTM": {
      "0": {
        "rmse": 46.730751037597656,
        "nasa": 17.13860321044922,
        "log_nasa": 2.898042441195794,
        "ece": 0.21366666592657563
      },
      "5": {
        "rmse": 20.88121795654297,
        "nasa": 7.421140193939209,
        "log_nasa": 2.1307452340436086,
        "ece": 0.3389999993145466
      },
      "10": {
        "rmse": 12.092161178588867,
        "nasa": 3.3375115394592285,
        "log_nasa": 1.467300805663497,
        "ece": 0.37233333736658103
      }
    },
    "A3_PINN_only": {
      "0": {
        "rmse": 66.9245518843333,
        "nasa": 3.132162094116211,
        "ece": 0.025921052631578973
      },
      "5": {
        "rmse": 66.9245518843333,
        "nasa": 3.132162094116211,
        "ece": 0.025921052631578973
      },
      "10": {
        "rmse": 66.9245518843333,
        "nasa": 3.132162094116211,
        "ece": 0.025921052631578973
      }
    },
    "A4_MAML_only": {
      "0": {
        "rmse": 45.21387700239817,
        "nasa": 2.330346569418907,
        "ece": 0.03701754385964916
      },
      "5": {
        "rmse": 45.21387700239817,
        "nasa": 2.330346569418907,
        "ece": 0.03701754385964916
      },
      "10": {
        "rmse": 45.21387700239817,
        "nasa": 2.330346569418907,
        "ece": 0.03701754385964916
      }
    },
    "A5_ThermoPINN": {
      "0": {
        "rmse": 127.68631744384766,
        "nasa": 32.59657669067383,
        "log_nasa": 3.514424177572474,
        "ece": 0.18416667431592945
      },
      "5": {
        "rmse": 159.13546752929688,
        "nasa": 45.84442901611328,
        "log_nasa": 3.8468320905384585,
        "ece": 0.20600000098347665
      },
      "10": {
        "rmse": 306.0439758300781,
        "nasa": 45.0456657409668,
        "log_nasa": 3.8296336375543496,
        "ece": 0.1930000010877848
      }
    }
  },
  "experiment_P": {
    "P1_no_physics": {
      "rmse": 45.21387700239817,
      "nasa": 2.330346569418907,
      "ece": 0.03701754385964916
    },
    "P2_monotonic_only": {
      "rmse": 45.21387700239817,
      "nasa": 2.330346569418907,
      "ece": 0.03701754385964916
    },
    "P3_health_supervision": {
      "rmse": 45.21387700239817,
      "nasa": 2.330346569418907,
      "ece": 0.03701754385964916
    },
    "P4_phys_supervision": {
      "rmse": 45.21387700239817,
      "nasa": 2.330346569418907,
      "ece": 0.03701754385964916
    },
    "P5_damage_mono": {
      "rmse": 43.577120780944824,
      "nasa": 2.182526133954525,
      "ece": 0.03701754385964916
    },
    "P6_full_physics": {
      "rmse": 42.87535160779953,
      "nasa": 2.183147393167019,
      "ece": 0.03701754385964916
    }
  }
}